{
  "diffuse": [
    "_color",
    "_col",
    "_diffuse",
    "_dif",
    "_albedo",
    "_basecolor",
"漫射"
  ],
  "specular": [
    "_specular",
    "_spec",
    "_refl"
  ],
  "roughness": [
    "_roughness",
    "_rough",
    "_gloss"
  ],
  "opacity": [
    "_opacity"
  ],
  "transmission": [
    "_trans"
  ],
  "metallic": [
    "_metallic",
    "_metal",
    "_metalness"
  ],
  "bump": [
    "_bump"
  ],
  "displacement": [
    "_height",
    "_displacement",
    "_disp"
  ],
  "normal": [
    "_normal",
    "_norm",
    "_nrm",
    "_normaldx",
    "_normalgl"
  ],
  "ao": [
    "_ao"
  ]
}